fixation id,frame,x,y,duration [ms]
1,0,826.055,167.563,150
2,6,611.641,370.053,80
3,10,743.508,336.986,190
4,17,963.856,385.812,145
5,21,910.613,341.267,325
6,34,583.086,428.235,105
7,37,595.326,395.257,155
8,43,615.635,358.522,165
9,51,743.973,334.92,460
10,62,708.091,311.213,270
11,72,761.885,348.014,270
12,81,756.695,303.217,1917
13,128,602.63,374.152,130
14,134,1088.918,526.344,90
15,138,1067.649,724.867,145
16,143,924.785,777.489,130
17,150,1242.857,584.869,125
18,154,1191.988,554.684,120
19,159,1282.017,561.757,95
20,163,1282.063,512.478,220
21,169,1247.899,495.031,440
22,185,616.951,549.725,120
23,189,588.475,241.012,90
24,194,639.86,295.433,275
25,202,964.331,189.026,260
26,210,482.392,248.168,135
27,216,755.126,519.63,320
28,225,734.269,437.269,250
29,236,830.702,186.747,135
30,240,823.078,237.975,155
31,245,703.851,279.61,220
32,251,847.685,234.161,285
33,259,933.987,283.557,195
34,267,879.62,355.762,365
35,277,754.221,200.958,270
36,285,828.445,366.886,285
37,293,783.548,254.818,626
38,309,829.065,392.233,185
39,315,791.782,316.308,215
40,321,910.134,312.813,255
41,328,832.057,475.894,195
42,335,780.611,337.445,150
43,339,737.43,335.196,240
44,346,858.141,359.199,230
45,352,919.711,316.081,180
46,358,847.988,321.899,95
47,363,843.217,442.434,180
48,368,812.97,423.166,105
49,371,899.345,279.895,195
50,377,703.029,316.882,195
51,385,946.618,284.554,330
52,394,815.954,343.856,230
53,401,708.983,312.625,165
54,406,680.707,295.598,175
55,411,960.493,259.122,305
56,419,1033.257,254.967,165
57,424,867.346,367.695,300
58,432,805.274,353.352,380
59,442,807.013,373.121,190
60,450,866.919,318.562,255
61,458,763.883,332.326,190
62,463,678.665,317.246,205
63,469,604.93,403.75,205
64,483,913.049,403.978,195
65,489,647.209,413.715,165
66,494,604.59,467.909,160
67,499,669.842,436.945,195
68,504,659.048,459.243,75
69,508,1133.703,485.317,85
70,512,1155.125,459.99,175
71,518,1025.471,427.843,275
72,526,1060.916,457.247,450
73,543,516.199,408.204,250
74,550,689.142,410.629,110
75,553,624.418,441.996,120
76,560,1012.205,306.801,235
77,568,1107.217,352.291,120
78,572,1120.35,386.045,225
79,581,723.615,270.011,275
80,590,965.476,284.264,250
81,597,781.758,416.356,210
82,603,802.327,371.649,80
83,606,747.16,428.498,90
84,611,1004.973,287.292,150
85,618,760.828,325.54,175
86,623,778.185,345.076,135
87,633,833.171,462.458,75
88,638,781.965,365.56,280
89,645,769.01,348.633,235
90,654,937.713,310.329,280
91,662,914.435,279.8,90
92,666,895.549,228.343,80
93,668,865.824,362.828,330
94,679,877.839,360.376,150
95,686,880.218,434.966,150
96,692,888.326,523.354,175
97,698,866.144,435.916,195
98,704,594.859,384.157,200
99,710,893.138,367.102,155
100,719,866.773,397.648,100
101,722,849.019,480.048,290
102,730,842.262,364.637,711
103,748,797.315,344.985,681
104,768,782.345,374.702,165
105,773,967.034,390.954,210
106,782,758.757,926.408,150
107,786,788.665,952.549,310
108,798,852.354,259.936,185
109,803,792.168,236.369,561
110,819,775.316,834.945,190
111,825,704.221,850.094,470
112,838,790.615,511.858,205
113,844,707.423,846.232,245
114,853,881.102,289.383,155
115,858,806.833,280.277,250
116,866,787.341,352.958,435
117,878,899.015,290.518,245
118,885,772.232,309.522,616
119,901,733.466,306.82,586
120,916,836.692,315.578,230
121,923,962.441,311.293,340
122,932,834.358,290.812,425
123,945,781.762,336.824,205
124,951,737.95,298.636,80
125,954,986.804,317.574,205
126,960,1059.937,292.78,160
127,964,1017.951,260.902,215
128,971,815.93,313.057,180
129,979,828.749,308.763,180
130,984,847.286,383.588,140
131,988,836.214,250.224,320
132,998,778.453,252.683,300
133,1007,882.088,260.644,90
134,1009,885.547,282.237,190
135,1015,851.59,266.309,105
136,1018,906.853,282.264,160
137,1023,892.654,277.205,115
138,1026,998.939,219.022,190
139,1031,1004.301,232.335,220
140,1038,836.102,333.375,605
141,1055,854.978,249.388,510
142,1069,909.268,257.437,210
143,1075,875.936,406.648,320
144,1084,833.753,322.436,185
145,1089,848.831,449.988,295
146,1098,831.154,304.081,115
147,1101,810.249,254.324,180
148,1107,891.994,294.6,100
149,1110,708.03,322.79,110
150,1114,739.568,353.517,380
151,1124,571.586,329.344,205
152,1131,916.532,298.841,235
153,1137,802.162,316.531,400
154,1148,703.791,321.443,415
155,1159,738.328,309.827,195
156,1167,940.452,297.457,80
157,1170,990.905,225.251,360
158,1180,899.822,224.807,175
159,1188,932.608,300.162,165
160,1193,951.323,214.39,255
161,1200,894.073,268.367,140
162,1206,949.262,327.245,200
163,1212,790.726,292.544,265
164,1219,780.79,269.938,315
165,1228,851.795,277.709,225
166,1234,740.781,309.978,100
167,1237,774.202,308.777,150
168,1242,868.212,352.32,165
169,1248,1106.761,311.307,170
170,1253,1080.065,309.569,250
171,1261,703.624,508.324,120
172,1268,805.294,846.974,390
173,1281,809.986,310.134,235
174,1287,800.387,296.669,110
175,1292,630.298,245.879,175
176,1297,623.809,257.605,210
177,1303,668.72,337.352,215
178,1310,891.377,291.53,405
179,1321,964.616,230.766,265
180,1331,1013.11,178.478,115
181,1334,986.456,180.336,280
182,1343,677.959,263.677,265
183,1350,592.21,265.57,85
184,1352,580.929,262.415,115
185,1356,630.849,240.925,295
186,1364,751.038,313.32,315
187,1372,790.361,312.544,290
188,1383,768.334,326.199,135
189,1387,858.935,323.807,485
190,1399,832.515,342.927,440
191,1410,784.269,414.476,150
192,1416,1055.267,294.108,270
193,1425,999.811,307.13,225
194,1431,948.795,356.627,140
195,1436,1160.05,320.928,125
196,1439,1149.929,362.67,155
197,1444,1023.108,326.75,230
198,1451,673.79,300.272,125
199,1455,766.395,314.794,220
200,1461,779.456,291.104,260
201,1469,682.765,305.61,215
202,1477,826.463,324.884,110
203,1481,819.894,247.558,150
204,1486,597.024,233.333,85
205,1489,696.764,218.076,150
206,1495,946.186,250.562,105
207,1500,845.94,279.676,500
208,1513,757.111,265.254,215
209,1519,823.434,293.339,731
210,1537,771.359,257.495,365
211,1547,711.424,286.267,425
212,1558,838.152,320.959,260
213,1565,823.231,301.873,245
214,1572,812.979,338.95,150
215,1576,807.396,352.355,150
216,1580,884.907,273.234,90
217,1583,984.813,297.462,180
218,1589,823.036,268.743,195
219,1594,838.418,268.603,220
220,1600,771.789,249.162,260
221,1609,826.511,276.58,150
222,1614,794.06,238.64,585
223,1628,818.376,317.673,215
224,1637,890.092,251.975,175
225,1642,960.957,267.887,175
226,1647,763.838,245.722,591
227,1663,831.012,352.663,260
228,1671,726.079,274.388,180
229,1676,672.647,274.485,385
230,1686,809.966,303.192,200
231,1692,825.083,361.344,120
232,1696,626.363,281.182,590
233,1712,825.86,410.987,165
234,1717,845.085,458.901,110
235,1721,879.178,250.556,170
236,1726,898.018,256.578,175
237,1732,570.963,299.953,150
238,1737,565.828,319.5,145
239,1742,939.46,270.023,195
240,1747,896.43,283.576,235
241,1754,770.511,297.575,225
242,1760,800.251,299.734,190
243,1766,854.648,269.262,155
244,1773,773.72,289.503,90
245,1779,868.015,261.43,135
246,1783,865.526,235.572,185
247,1788,880.314,213.778,80
248,1791,866.829,242.51,135
249,1796,868.202,257.469,265
250,1802,827.248,311.771,280
251,1811,685.24,238.128,260
252,1820,647.472,307.03,165
253,1827,923.047,297.354,245
254,1835,726.437,291.392,130
255,1848,760.687,231.268,85
256,1857,840.849,270.625,80
257,1860,856.783,245.648,115
258,1867,805.49,299.812,95
259,1874,752.31,308.17,125
260,1889,615.441,344.131,245
261,1896,594.437,352.813,160
262,1904,492.373,373.628,340
263,1916,1016.5,320.616,195
264,1926,840.251,359.836,90
265,1933,528.599,350.405,110
266,1942,963.093,322.19,205
267,1949,957.3,243.252,200
268,1955,695.824,294.847,165
269,1961,661.092,319.608,255
270,1968,791.422,334.422,210
271,1977,775.302,314.707,110
272,1981,731.585,300.256,80
273,1984,885.163,315.284,190
274,2004,577.277,303.833,225
275,2011,942.322,256.132,150
276,2021,830.104,472.433,145
277,2026,925.961,267.764,190
278,2031,938.779,232.235,210
279,2037,982.314,255.859,190
280,2043,1065.085,238.372,225
281,2049,1005.84,281.676,165
282,2054,1020.933,234.117,185
283,2062,1127.214,346.789,85
284,2069,645.207,341.764,125
285,2075,732.089,304.089,95
286,2092,765.143,309.049,105
287,2102,668.46,272.879,110
288,2109,643.443,200.902,150
289,2117,1216.089,319.671,75
290,2168,999.849,355.286,130
291,2179,946.43,239.719,90
292,2183,782.643,318.207,95
293,2189,952.062,219.206,95
294,2196,418.25,387.059,105
295,2199,604.265,406.061,225
296,2206,530.026,328.353,120
297,2209,627.481,288.426,105
298,2214,536.202,254.269,165
299,2219,777.321,287.495,220
300,2226,864.227,258.541,185
301,2231,878.202,313.495,260
302,2238,871.591,333.492,125
303,2242,880.142,324.766,165
304,2246,867.954,329.583,355
305,2256,972.902,270.3,75
306,2258,957.544,327.997,310
307,2270,708.11,336.643,115
308,2274,608.698,345.92,85
309,2277,625.745,335.499,90
310,2279,624.604,326.889,85
311,2282,676.331,327.445,105
312,2287,1105.749,336.531,95
313,2291,1000.529,317.601,135
314,2296,1084.552,314.601,260
315,2303,1139.742,274.351,130
316,2316,1053.809,285.674,110
317,2322,804.51,273.59,230
318,2328,759.8,280.208,370
319,2338,793.505,300.621,215
320,2344,1023.343,276.447,305
321,2352,1076.873,282.649,265
322,2362,903.998,362.021,380
323,2372,738.173,299.477,140
324,2385,972.332,254.143,425
325,2397,683.453,287.517,240
326,2404,646.378,289.893,425
327,2415,842.8,330.423,190
328,2425,862.553,323.909,105
329,2429,993.976,258.717,105
330,2432,932.269,301.717,100
331,2435,919.555,254.297,370
332,2447,936.884,268.355,110
333,2450,935.373,249.477,120
334,2454,882.15,322.395,130
335,2476,888.507,371.213,345
336,2492,901.793,391.021,305
337,2500,855.945,385.77,85
338,2506,818.122,218.725,155
339,2516,663.231,283.008,155
340,2520,697.233,256.495,205
341,2526,663.539,351.42,190
342,2531,761.756,323.71,245
343,2538,900.293,303.413,190
344,2544,736.671,281.25,465
345,2557,887.847,313.495,155
346,2562,723.599,300.543,235
347,2582,493.923,620.574,130
348,2594,546.132,635.812,75
349,2613,367.539,346.282,135
350,2618,506.842,351.455,100
351,2624,431.095,407.002,145
352,2629,424.846,367.484,130
353,2636,363.893,334.08,75
354,2640,339.471,425.631,360
355,2655,908.339,150.814,90
356,2664,809.897,220.286,150
357,2669,827.75,235.031,75
358,2675,924.435,319.12,85
359,2687,1197.612,389.957,130
360,2693,1147.383,349.953,581
361,2708,1213.686,299.189,95
362,2714,937.316,562.763,180
363,2719,916.753,483.396,415
364,2733,947.96,355.077,330
365,2742,873.862,345.686,125
366,2748,477.55,330.039,240
367,2754,595.435,307.66,80
368,2757,590.872,302.986,155
369,2770,651.716,250.445,200
370,2776,687.539,202.303,120
371,2781,749.359,242.723,100
372,2784,749.973,242.454,105
373,2795,688.818,303.629,75
374,2798,777.54,297.448,105
375,2805,742.357,334.901,330
376,2814,953.275,338.243,100
377,2819,1142.133,349.654,225
378,2825,1069.629,291.575,255
379,2833,940.605,338.625,250
380,2842,523.373,301.344,320
381,2850,637.769,245.665,916
382,2873,623.273,244.765,350
383,2882,776.579,285.063,340
384,2891,871.564,325.912,190
385,2902,1009.44,330.278,400
386,2912,924.187,376.768,245
387,2919,841.368,370.407,150
388,2924,974.351,355.671,766
389,2943,867.037,363.68,466
390,2956,951.516,339.536,711
391,2973,888.318,331.645,1281
392,3005,1024.348,305.877,2067
393,3056,865.602,361.201,1577
394,3095,1006.339,321.716,300
395,3103,993.245,297.074,621
396,3119,970.374,341.586,1902
397,3169,981.98,329.924,571
398,3186,543.993,335.103,80
399,3193,542.935,399.286,90
400,3196,599.664,399.768,255
401,3206,571.828,279.653,120
402,3213,1154.394,355.281,110
403,3216,1029.585,365.688,140
404,3227,584.823,301.743,165
405,3238,779.681,318.796,140
406,3242,690.941,298.799,200
407,3248,657.206,266.228,145
408,3252,662.262,241.884,390
409,3267,1093.367,380.473,90
410,3271,1050.234,311.793,115
411,3281,1065.243,279.919,100
412,3288,1145.267,305.69,110
413,3307,1036.742,290.689,345
414,3316,1072.931,443.459,180
415,3338,363.376,547.595,85
416,3341,390.146,506.635,80
417,3348,748.103,469.2,245
418,3355,820.595,473.02,220
419,3364,988.889,422.328,115
420,3370,1378.402,409.778,125
421,3374,1278.353,421.409,115
422,3377,1225.746,429.928,240
423,3385,874.355,520.208,140
424,3389,705.577,549.648,235
425,3397,1215.828,472.576,95
426,3404,1217.866,400.979,415
427,3419,1032.713,399.66,205
428,3425,865.996,432.686,200
429,3431,900.034,420.648,155
430,3436,1045.044,410.711,345
431,3446,1241.639,427.998,190
432,3452,1257.398,420.702,90
433,3471,570.229,407.264,135
434,3479,423.135,562.991,240
435,3507,1197.38,285.609,155
436,3524,485.791,453.063,110
437,3528,418.913,471.154,115
438,3532,488.735,422.394,140
439,3538,991.508,394.036,150
440,3555,393.958,351.739,285
441,3564,797.834,284.529,230
442,3571,458.894,301.419,160
443,3577,419.077,351.787,120
444,3582,1019.9,383.089,140
445,3588,1187.088,297.703,80
446,3591,1063.561,414.388,110
447,3599,637.905,333.76,175
448,3607,730.28,205.439,85
449,3614,765.407,304.556,85
450,3632,790.758,192.279,85
451,3637,491.632,328.616,170
452,3643,431.763,409.552,100
453,3646,497.533,353.185,100
454,3652,1097.727,233.523,95
455,3675,1056.621,314.992,135
456,3679,1129.997,302.669,130
457,3695,703.485,254.164,85
458,3712,1204.658,258.351,140
459,3717,1022.832,377.523,105
460,3724,1067.094,272.089,155
461,3731,695.934,249.094,185
462,3736,765.312,234.534,245
463,3743,913.511,298.276,150
464,3748,855.363,230.926,225
465,3754,763.778,290.55,285
466,3762,933.45,330.929,110
467,3767,772.305,295.805,240
468,3781,983.841,288.123,240
469,3789,1016.195,270.662,220
470,3795,823.505,335.933,85
471,3801,920.208,337.712,100
472,3806,814.097,187.143,85
473,3809,834.238,243.819,541
474,3823,905.052,366.496,190
475,3835,1030.238,243.897,200
476,3841,1081.215,336.413,75
477,3843,1016.87,333.977,90
478,3847,775.625,388.857,350
479,3856,846.676,393.535,330
480,3865,852.485,398.159,200
481,3874,791.792,459.71,205
482,3879,788.367,435.503,165
483,3884,788.944,369.967,150
484,3889,784.128,241.483,185
485,3895,811.932,507.448,220
486,3902,836.444,300.522,175
487,3907,841.149,286.471,200
488,3914,621.429,309.514,205
489,3920,790.528,258.994,355
490,3930,573.573,302.399,195
491,3935,662.955,315.034,115
492,3938,613.834,273.619,200
493,3945,981.016,273.047,230
494,3955,493.72,372.297,290
495,3962,581.632,366.802,135
496,3966,591.179,360.529,225
497,3974,1032.407,353.877,245
498,3981,981.232,455.615,110
499,3985,1028.923,288.26,200
500,3991,958.362,281.236,130
501,4002,962.745,230.333,100
502,4009,872.05,483.739,135
503,4014,852.194,366.428,125
504,4025,947.343,300.56,90
505,4027,923.956,310.519,80
506,4035,827.15,526.022,115
507,4040,845.781,368.257,135
508,4049,801.139,325.857,390
509,4059,1036.799,323.642,125
510,4064,948.611,342.165,125
511,4068,941.458,284.621,90
512,4076,754.048,563.666,115
513,4083,832.114,616.893,105
514,4088,861.008,460.649,175
515,4093,857.211,429.822,125
516,4097,826.723,343.084,315
517,4105,732.436,347.857,80
518,4108,725.565,315.409,205
519,4120,1226.991,426.094,140
520,4124,1249.0,418.295,130
521,4138,786.132,316.235,110
522,4142,788.644,292.564,85
523,4145,766.415,339.338,110
524,4149,762.498,299.796,295
525,4157,920.596,289.335,175
526,4162,868.986,334.93,85
527,4167,764.369,391.863,195
528,4173,742.326,236.918,120
529,4179,782.294,414.544,270
530,4186,708.057,461.872,260
531,4194,939.104,456.113,245
532,4201,737.844,439.378,265
533,4208,672.079,381.677,295
534,4216,720.583,376.711,275
535,4224,652.82,324.828,425
536,4235,714.436,324.116,235
537,4242,878.063,347.712,205
538,4248,933.897,485.902,170
539,4253,885.561,356.467,135
540,4259,858.805,328.64,175
541,4264,755.77,323.077,250
542,4271,786.8,299.823,105
543,4274,801.41,371.281,100
544,4278,528.984,372.213,230
545,4287,600.247,272.066,80
546,4292,638.703,356.012,150
547,4296,520.554,306.774,100
548,4302,396.384,313.904,105
549,4306,758.358,330.92,210
550,4312,474.175,355.849,255
551,4320,625.856,301.732,105
552,4324,884.273,308.292,205
553,4330,876.576,282.571,415
554,4341,810.791,332.432,300
555,4348,780.031,332.761,145
556,4355,816.347,307.081,545
557,4374,707.926,285.102,105
558,4377,712.167,287.851,95
559,4381,571.315,281.344,190
560,4386,570.552,302.168,175
561,4391,571.819,269.894,776
562,4410,486.622,248.817,90
563,4416,586.935,323.734,100
564,4418,566.22,268.676,140
565,4422,547.036,257.089,90
566,4427,843.025,378.082,135
567,4432,871.962,408.225,210
568,4438,1001.017,229.332,180
569,4442,999.05,233.394,105
570,4446,962.715,210.923,145
571,4450,809.35,332.295,230
572,4459,864.818,305.997,160
573,4464,838.773,452.682,165
574,4472,834.479,400.123,110
575,4476,809.013,275.779,220
576,4482,784.588,293.916,175
577,4488,804.999,510.086,80
578,4494,795.942,278.948,145
579,4498,708.716,295.748,190
580,4504,660.886,304.248,80
581,4506,725.673,271.874,155
582,4512,784.983,285.334,536
583,4526,809.409,331.147,370
584,4536,810.385,489.132,165
585,4541,834.678,358.281,275
586,4550,827.36,257.237,320
587,4559,913.22,245.841,440
588,4571,813.193,432.352,280
589,4582,859.363,259.856,275
590,4590,796.489,376.659,240
591,4597,821.891,264.697,581
592,4614,814.061,286.106,160
593,4619,947.45,470.162,260
594,4631,803.998,286.694,85
595,4633,770.918,352.029,491
596,4649,981.695,255.996,180
597,4654,966.381,280.835,320
598,4664,866.223,516.42,135
599,4668,803.219,386.978,145
600,4673,797.886,369.209,130
601,4678,600.452,291.467,145
602,4682,836.675,296.12,95
603,4685,830.628,266.891,250
604,4695,785.231,309.162,265
605,4701,790.331,285.803,215
606,4708,613.083,430.419,95
607,4712,461.349,442.041,195
608,4718,442.119,439.568,120
609,4722,564.791,370.326,95
610,4725,566.475,366.679,110
611,4728,509.262,359.3,155
612,4736,1063.028,316.715,95
613,4741,901.079,350.18,160
614,4745,841.826,279.426,345
615,4754,818.344,275.876,701
616,4772,759.489,301.899,590
617,4794,830.726,285.449,210
618,4800,879.227,280.082,285
619,4808,706.17,366.238,355
620,4817,720.412,331.634,125
621,4821,822.192,309.435,195
622,4831,770.771,350.548,150
623,4836,833.537,359.136,430
624,4847,949.772,348.58,340
625,4855,899.659,343.932,240
626,4862,755.807,462.691,315
627,4872,802.948,272.116,140
628,4876,752.579,308.478,375
629,4886,836.523,380.64,155
630,4891,798.199,489.734,205
631,4897,931.453,301.621,285
632,4904,883.988,292.515,200
633,4911,776.594,590.286,170
634,4916,885.503,443.769,150
635,4921,760.896,556.353,165
636,4926,887.367,578.775,115
637,4932,1080.063,322.885,165
638,4940,683.024,285.697,385
639,4951,559.762,333.345,120
640,4956,728.169,260.594,195
641,4961,715.678,186.439,145
642,4972,913.955,235.803,616
643,4988,1027.466,241.343,320
644,4999,736.663,473.454,275
645,5007,817.98,613.082,145
646,5012,852.591,367.39,225
647,5018,781.987,350.262,470
648,5030,702.301,361.293,395
649,5041,643.936,333.361,466
650,5053,631.037,358.64,200
651,5059,985.123,364.811,461
652,5073,893.841,331.909,195
653,5081,932.464,375.284,145
654,5088,937.289,369.63,145
655,5094,897.319,308.273,150
656,5099,628.939,356.455,486
657,5112,836.627,400.896,175
658,5117,1006.263,354.638,210
659,5123,1097.411,327.43,290
660,5133,626.978,311.6,646
661,5149,592.174,341.701,481
662,5162,587.147,365.485,360
663,5171,615.54,376.49,626
664,5187,499.627,405.482,180
665,5193,476.225,342.131,280
666,5201,986.986,349.446,115
667,5208,1073.165,420.464,155
668,5213,1023.135,402.239,225
669,5219,1127.2,439.632,275
670,5231,488.074,339.513,140
671,5236,534.534,333.901,280
672,5245,977.839,566.723,200
673,5251,860.689,443.816,90
674,5257,1216.805,527.806,225
675,5263,1303.388,552.277,85
676,5271,613.979,391.674,130
677,5275,631.301,311.445,190
678,5280,635.888,383.915,160
679,5285,652.419,354.605,200
680,5293,876.919,340.434,90
681,5304,799.66,297.276,110
682,5308,825.012,290.744,120
683,5319,711.588,309.902,200
684,5326,788.998,300.99,90
685,5332,977.143,361.304,95
686,5335,956.177,294.426,410
687,5346,1095.798,300.194,135
688,5352,1148.387,374.261,250
689,5360,960.427,314.806,140
690,5368,810.676,377.691,105
691,5374,1068.771,354.257,290
692,5381,1004.732,384.879,195
693,5387,839.15,449.092,155
694,5392,728.135,341.526,190
695,5398,948.277,334.893,210
696,5407,1018.495,276.379,130
697,5411,1000.077,247.395,190
698,5417,795.905,299.36,761
699,5436,906.438,451.681,385
700,5447,1105.737,261.438,275
701,5454,981.631,196.838,150
702,5459,1082.623,305.281,290
703,5467,821.096,455.433,285
704,5475,1009.144,365.347,185
705,5484,1095.056,311.214,215
706,5490,1050.548,297.667,370
707,5500,1009.767,299.395,260
708,5507,1012.259,335.057,195
709,5512,1011.612,255.119,140
710,5516,997.723,222.478,230
711,5523,807.138,289.596,305
712,5532,768.943,244.064,516
713,5545,850.235,249.915,385
714,5555,705.397,259.156,240
715,5561,739.749,287.901,430
716,5577,841.771,300.489,115
717,5588,1048.977,278.278,190
718,5600,729.543,880.88,100
719,5608,724.361,926.212,125
720,5615,851.952,314.286,320
721,5624,896.876,283.967,290
722,5632,848.249,331.074,225
723,5639,776.272,373.06,80
724,5642,762.344,363.165,150
725,5655,775.027,399.685,495
726,5668,757.285,387.298,150
727,5674,708.378,437.032,130
728,5679,662.152,299.444,140
729,5683,912.125,398.074,265
730,5691,947.977,365.142,190
731,5697,931.642,337.806,195
732,5704,709.64,327.677,260
733,5713,734.792,259.117,115
734,5717,680.209,365.627,240
735,5725,659.005,332.337,150
736,5729,661.281,329.414,380
737,5740,696.763,328.331,115
738,5745,602.149,337.708,170
739,5750,702.92,367.731,110
740,5755,553.22,372.793,210
741,5762,691.721,331.569,135
742,5766,708.734,351.592,85
743,5771,874.789,386.153,370
744,5787,820.817,295.69,420
745,5798,846.45,311.152,325
746,5807,768.017,356.196,310
747,5816,682.575,369.793,195
748,5821,716.705,302.465,155
749,5826,821.085,322.853,290
750,5833,766.951,333.539,440
751,5845,905.415,330.299,100
752,5849,1137.946,375.343,175
753,5854,1080.428,320.359,420
754,5867,1171.914,651.999,125
755,5874,722.077,421.882,210
756,5880,810.167,350.976,150
757,5885,825.943,244.488,120
758,5891,751.317,424.11,90
759,5895,817.347,471.421,305
760,5905,761.527,332.943,185
761,5910,861.259,496.164,170
762,5915,847.899,516.819,100
763,5919,753.33,313.708,195
764,5926,756.902,314.984,185
765,5932,721.472,370.256,215
766,5939,845.994,566.458,325
767,5948,772.021,401.198,160
768,5954,796.77,424.801,190
769,5960,688.013,366.05,140
770,5964,701.324,381.281,210
771,5970,632.023,403.415,170
772,5974,697.701,397.459,225
773,5981,684.904,401.968,110
774,5984,738.081,390.435,636
775,5999,773.822,376.722,175
776,6007,546.707,361.521,105
777,6012,1020.365,312.573,210
778,6018,871.266,235.2,370
779,6030,745.384,329.284,220
780,6037,572.552,447.709,290
781,6047,1253.943,495.346,140
782,6051,962.442,446.363,491
783,6066,507.639,359.015,150
784,6073,1202.24,409.7,155
785,6078,1073.148,354.292,440
786,6090,1236.041,402.524,200
787,6095,1222.651,408.544,145
788,6100,968.314,377.435,135
789,6107,636.006,360.125,185
790,6112,679.666,363.94,155
791,6116,692.615,342.628,140
792,6122,499.089,412.387,195
793,6127,478.753,389.986,140
794,6133,725.079,363.001,480
795,6148,1131.621,415.82,235
796,6155,784.347,327.65,225
797,6163,592.372,338.615,180
798,6169,661.092,382.581,200
799,6175,469.62,383.624,120
800,6179,512.584,376.644,155
801,6184,439.572,394.684,185
802,6195,1080.818,398.328,540
803,6209,1116.104,373.42,466
804,6221,860.161,338.848,290
805,6229,822.761,334.09,130
806,6234,1155.365,347.983,110
807,6238,1054.533,324.556,520
808,6251,1189.618,343.047,956
809,6275,1345.74,351.731,80
810,6279,1290.852,380.732,80
811,6282,1146.08,405.928,135
812,6286,1074.288,379.463,75
813,6294,593.615,337.066,145
814,6298,778.572,381.107,275
815,6306,723.84,368.301,155
816,6312,532.823,416.561,180
817,6317,519.536,427.419,155
818,6323,943.54,322.25,130
819,6329,1109.475,409.856,145
820,6335,1120.708,381.126,75
821,6338,1127.894,360.689,646
822,6359,556.698,345.463,210
823,6365,702.771,362.074,325
824,6374,928.735,292.748,200
825,6379,870.566,313.292,90
826,6385,1158.936,447.886,260
827,6396,1225.889,479.639,125
828,6401,1323.759,511.316,250
829,6410,837.257,320.242,290
830,6420,626.653,325.575,125
831,6424,763.982,304.148,90
832,6429,540.971,435.391,325
833,6437,579.599,396.394,80
834,6443,1121.596,312.729,200
835,6448,1041.564,306.683,120
836,6452,1045.917,300.755,130
837,6457,843.503,290.284,135
838,6462,887.399,257.421,115
839,6465,1003.426,232.762,330
840,6473,1012.593,254.464,125
841,6477,1152.69,263.292,255
842,6485,855.478,240.375,170
843,6492,1215.645,484.432,220
844,6499,864.666,406.41,190
845,6504,794.735,383.619,125
846,6508,991.968,349.946,330
847,6517,1006.107,342.865,230
848,6530,772.867,251.779,85
849,6538,793.236,307.253,270
850,6545,809.904,352.195,110
851,6548,780.555,390.583,225
852,6555,904.456,310.566,165
853,6563,823.909,457.978,115
854,6567,749.896,381.728,260
855,6574,801.349,373.778,220
856,6581,497.896,359.397,130
857,6585,539.006,349.289,200
858,6591,922.074,321.599,630
859,6608,819.834,348.48,145
860,6613,651.81,335.788,866
861,6635,811.626,326.658,220
862,6641,751.248,307.053,190
863,6648,728.386,271.301,230
864,6655,678.828,300.562,195
865,6660,511.712,345.658,165
866,6665,577.044,324.907,230
867,6674,881.355,291.422,446
868,6687,875.836,268.329,375
869,6697,845.782,284.082,175
870,6702,689.556,317.906,235
871,6709,906.964,288.161,646
872,6726,677.0,304.129,270
873,6734,899.693,296.876,345
874,6743,881.472,295.57,150
875,6748,1174.824,364.618,150
876,6753,851.317,303.378,440
877,6765,809.303,295.194,265
878,6772,739.153,292.905,355
879,6782,720.284,272.758,330
880,6790,679.411,313.695,240
881,6797,614.787,338.127,250
882,6805,963.435,360.736,235
883,6811,859.544,348.299,200
884,6816,822.336,333.204,411
885,6827,996.293,316.555,340
886,6837,687.898,302.13,150
887,6842,649.355,333.008,390
888,6853,1089.25,322.719,175
889,6858,965.677,313.798,215
890,6864,937.566,310.475,265
891,6872,1107.355,303.161,110
892,6876,771.951,290.864,330
893,6886,647.455,525.687,140
894,6890,614.551,383.326,165
895,6896,533.685,343.605,240
896,6903,744.371,360.709,105
897,6907,1037.91,231.893,135
898,6910,856.337,217.883,225
899,6917,626.199,271.174,165
900,6922,647.029,315.107,135
901,6929,774.746,430.722,170
902,6934,692.862,264.211,230
903,6940,760.71,245.848,130
904,6946,1248.545,273.969,115
905,6949,1207.984,259.207,180
906,6955,752.305,226.675,200
907,6961,757.064,232.956,85
908,6966,492.274,346.585,165
909,6970,465.208,377.004,205
910,6976,371.704,317.653,105
911,6982,936.731,282.439,220
912,6989,1010.535,316.063,125
913,6993,1017.881,272.247,180
914,6999,739.266,248.043,395
915,7009,778.328,256.796,100
916,7012,934.506,276.3,325
917,7021,836.363,268.888,550
918,7036,956.419,299.087,160
919,7040,975.851,260.349,235
920,7048,726.651,227.384,350
921,7057,876.094,260.167,165
922,7065,1072.778,304.022,150
923,7070,1129.476,318.244,656
924,7086,1021.41,321.07,140
925,7091,792.522,344.432,315
926,7100,961.227,290.017,175
927,7105,1042.345,309.985,405
928,7116,950.582,291.562,375
929,7127,635.096,340.721,255
930,7134,997.284,277.242,235
931,7141,773.566,308.178,200
932,7147,651.842,282.638,200
933,7154,695.374,295.64,466
934,7167,981.528,343.223,220
935,7173,914.063,374.815,235
936,7180,685.108,350.18,155
937,7185,866.068,336.698,295
938,7193,930.487,334.549,180
939,7199,688.667,275.191,275
940,7206,705.388,289.55,365
941,7216,965.303,306.073,110
942,7220,1241.898,293.914,80
943,7223,1108.222,306.678,145
944,7227,1009.221,318.925,165
945,7232,1071.171,360.902,230
946,7239,1176.386,385.423,230
947,7245,1182.058,378.696,275
948,7256,717.38,447.133,230
949,7262,842.528,423.848,95
950,7265,827.779,466.751,380
951,7275,850.749,442.383,165
952,7279,789.495,397.942,400
953,7290,776.101,391.166,225
954,7296,819.745,332.227,160
955,7303,849.993,355.271,180
956,7309,1009.357,299.624,230
957,7319,899.324,279.872,205
958,7324,850.619,276.442,365
959,7334,1042.735,294.842,320
960,7343,1026.266,314.692,80
961,7345,936.439,375.734,255
962,7352,806.397,363.586,130
963,7358,1071.746,400.343,135
964,7365,913.75,396.269,180
965,7370,1084.942,473.931,180
966,7375,1006.865,426.051,95
967,7379,693.531,350.514,345
968,7388,778.133,368.398,305
969,7396,925.897,389.216,270
970,7405,678.904,307.669,120
971,7409,565.762,396.966,305
972,7418,956.386,299.216,295
973,7426,858.261,478.822,265
974,7434,509.759,318.311,125
975,7442,861.644,564.718,220
976,7449,624.016,334.207,130
977,7454,650.179,314.232,140
978,7458,657.354,298.977,175
979,7463,704.409,310.434,290
980,7472,967.68,303.736,240
981,7478,816.512,349.096,180
982,7485,539.753,416.5,165
983,7490,726.309,410.708,440
984,7500,804.644,454.604,135
985,7505,726.54,435.006,410
986,7516,885.781,487.174,516
987,7531,896.238,401.6,590
988,7548,570.833,494.313,255
989,7555,890.994,389.404,215
990,7564,852.733,341.593,1021
991,7589,886.325,322.136,315
992,7598,751.846,345.954,145
993,7603,571.989,406.588,340
994,7613,1034.724,278.774,75
995,7629,766.405,912.926,90
996,7634,746.719,902.599,225
997,7640,816.342,894.795,150
998,7645,830.343,889.9,100
999,7648,831.962,914.231,205
1000,7654,828.089,909.295,475
